Província,Código de Província,Distrito,Código de Distrito,Posto administrativo,Código de Posto Administrativo,CEP
Cidade de Maputo,01,Distrito KaMpfumo,01,Alto Maé A,01,0101-01
Cidade de Maputo,01,Distrito KaMpfumo,01,Alto Maé B,02,0101-02
Cidade de Maputo,01,Distrito KaMpfumo,01,Central A,03,0101-03
Cidade de Maputo,01,Distrito KaMpfumo,01,Central B,04,0101-04
Cidade de Maputo,01,Distrito KaMpfumo,01,Central C,05,0101-05
Cidade de Maputo,01,Distrito KaMpfumo,01,Coop,06,0101-06
Cidade de Maputo,01,Distrito KaMpfumo,01,Malangalene A,07,0101-07
Cidade de Maputo,01,Distrito KaMpfumo,01,Malangalene B,08,0101-08
Cidade de Maputo,01,Distrito KaMpfumo,01,Polana Cimento A,09,0101-09
Cidade de Maputo,01,Distrito KaMpfumo,01,Polana Cimento B,10,0101-10
Cidade de Maputo,01,Distrito KaMpfumo,01,Sommerschield,11,0101-11
Cidade de Maputo,01,Nhlamankulu,02,Aeroporto A,01,0102-01
Cidade de Maputo,01,Nhlamankulu,02,Aeroporto B,02,0102-02
Cidade de Maputo,01,Nhlamankulu,02,Chamanculo A,03,0102-03
Cidade de Maputo,01,Nhlamankulu,02,Chamanculo B,04,0102-04
Cidade de Maputo,01,Nhlamankulu,02,Chamanculo C,05,0102-05
Cidade de Maputo,01,Nhlamankulu,02,Chamanculo D,06,0102-06
Cidade de Maputo,01,Nhlamankulu,02,Malanga,07,0102-07
Cidade de Maputo,01,Nhlamankulu,02,Minkadjuine,08,0102-08
Cidade de Maputo,01,Nhlamankulu,02,Munhuana,09,0102-09
Cidade de Maputo,01,Nhlamankulu,02,Unidade 7,10,0102-10
Cidade de Maputo,01,Nhlamankulu,02,Xipamanine,11,0102-11
Cidade de Maputo,01,KaMaxakeni,03,Mafalala,01,0103-01
Cidade de Maputo,01,KaMaxakeni,03,Maxaquene A,02,0103-02
Cidade de Maputo,01,KaMaxakeni,03,Maxaquene B,03,0103-03
Cidade de Maputo,01,KaMaxakeni,03,Maxaquene C,04,0103-04
Cidade de Maputo,01,KaMaxakeni,03,Maxaquene D,05,0103-05
Cidade de Maputo,01,KaMaxakeni,03,Polana Caniço A,06,0103-06
Cidade de Maputo,01,KaMaxakeni,03,Polana Caniço B,07,0103-07
Cidade de Maputo,01,KaMaxakeni,03,Urbanização,08,0103-08
Cidade de Maputo,01,KaMavota,04,3 de Fevereiro,01,0104-01
Cidade de Maputo,01,KaMavota,04,Albazine,02,0104-02
Cidade de Maputo,01,KaMavota,04,Costa do Sol,03,0104-03
Cidade de Maputo,01,KaMavota,04,FPLM,04,0104-04
Cidade de Maputo,01,KaMavota,04,Ferroviário,05,0104-05
Cidade de Maputo,01,KaMavota,04,Hulene A,06,0104-06
Cidade de Maputo,01,KaMavota,04,Hulene B,07,0104-07
Cidade de Maputo,01,KaMavota,04,Laulane,08,0104-08
Cidade de Maputo,01,KaMavota,04,Mahotas,09,0104-09
Cidade de Maputo,01,KaMavota,04,Mavalane A,10,0104-10
Cidade de Maputo,01,KaMavota,04,Mavalene B,11,0104-11
Cidade de Maputo,01,KaMubukwana,05,25 de Junho A,01,0105-01
Cidade de Maputo,01,KaMubukwana,05,25 de Junho B,02,0105-02
Cidade de Maputo,01,KaMubukwana,05,Bagamoyo,03,0105-03
Cidade de Maputo,01,KaMubukwana,05,Inhagoia A,04,0105-04
Cidade de Maputo,01,KaMubukwana,05,Inhagoia B,05,0105-05
Cidade de Maputo,01,KaMubukwana,05,Jardim,06,0105-06
Cidade de Maputo,01,KaMubukwana,05,Jorge Dimitrov,07,0105-07
Cidade de Maputo,01,KaMubukwana,05,Luís Cabral,08,0105-08
Cidade de Maputo,01,KaMubukwana,05,Magoanine A,09,0105-09
Cidade de Maputo,01,KaMubukwana,05,Magoanine B,10,0105-10
Cidade de Maputo,01,KaMubukwana,05,Magoanine C,11,0105-11
Cidade de Maputo,01,KaMubukwana,05,Malhazine,12,0105-12
Cidade de Maputo,01,KaMubukwana,05,Salene,13,0105-13
Cidade de Maputo,01,KaMubukwana,05,Zimpeto,14,0105-14
Cidade de Maputo,01,KaTembe,06,Chali,01,0106-01
Cidade de Maputo,01,KaTembe,06,Chamissava,02,0106-02
Cidade de Maputo,01,KaTembe,06,Guachene,03,0106-03
Cidade de Maputo,01,KaTembe,06,Incassane,04,0106-04
Cidade de Maputo,01,KaTembe,06,Inguide,05,0106-05
Cidade de Maputo,01,KaNyaka,07,Inguane,01,0107-01
Cidade de Maputo,01,KaNyaka,07,Nhaquene,02,0107-02
Cidade de Maputo,01,KaNyaka,07,Ribjene,03,0107-03
Maputo Província,02,Matutuíne,01,Bela Vista (Sede),01,0201-01
Maputo Província,02,Matutuíne,01,Catembe Nsime,02,0201-02
Maputo Província,02,Matutuíne,01,Catuane,03,0201-03
Maputo Província,02,Matutuíne,01,Machangulo,04,0201-04
Maputo Província,02,Matutuíne,01,Zitundo,05,0201-05
Maputo Província,02,Namaacha,02,Changalane,01,0202-01
Maputo Província,02,Namaacha,02,Namaacha (Sede),02,0202-02
Maputo Província,02,Boane,03,Boane (Sede),01,0203-01
Maputo Província,02,Boane,03,Matola-Rio,02,0203-02
Maputo Província,02,Matola,04,Infulene,01,0204-01
Maputo Província,02,Matola,04,Machava,02,0204-02
Maputo Província,02,Matola,04,Matola (Sede),03,0204-03
Maputo Província,02,Marracuene,05,Machubo,01,0205-01
Maputo Província,02,Marracuene,05,Marracuene (Sede),02,0205-02
Maputo Província,02,Moamba,06,Moamba (Sede),01,0206-01
Maputo Província,02,Moamba,06,Pessene,02,0206-02
Maputo Província,02,Moamba,06,Ressano Garcia,03,0206-03
Maputo Província,02,Moamba,06,Sábiè,04,0206-04
Maputo Província,02,Manhiça,07,3 de Fevereiro,01,0207-01
Maputo Província,02,Manhiça,07,Calanga,02,0207-02
Maputo Província,02,Manhiça,07,Ilha Josina Machel,03,0207-03
Maputo Província,02,Manhiça,07,Maluana,04,0207-04
Maputo Província,02,Manhiça,07,Manhiça (Sede),05,0207-05
Maputo Província,02,Manhiça,07,Xinavane,06,0207-06
Maputo Província,02,Magude,08,Magude (Sede),01,0208-01
Maputo Província,02,Magude,08,Mahele,02,0208-02
Maputo Província,02,Magude,08,Mapulanguene,03,0208-03
Maputo Província,02,Magude,08,Motaze,04,0208-04
Maputo Província,02,Magude,08,Panjane,05,0208-05
Gaza,03,Chongoene,01,Chogoene (Sede),01,0301-01
Gaza,03,Chongoene,01,Mazucane,02,0301-02
Gaza,03,Chongoene,01,Nguzene,03,0301-03
Gaza,03,Xai-Xai,02,Inhamissa,01,0302-01
Gaza,03,Xai-Xai,02,Patrice Lumumba,02,0302-02
Gaza,03,Xai-Xai,02,Praia de Xai-Xai,03,0302-03
Gaza,03,Xai-Xai,02,Xai-Xai (Sede),04,0302-04
Gaza,03,Limpopo,03,Chicumbane (Sede),01,0303-01
Gaza,03,Limpopo,03,Chissano,02,0303-02
Gaza,03,Limpopo,03,Zongoene,03,0303-03
Gaza,03,Bilene,04,Incaia,01,0304-01
Gaza,03,Bilene,04,Macia (Sede),02,0304-02
Gaza,03,Bilene,04,Macuane,03,0304-03
Gaza,03,Bilene,04,Mazivila,04,0304-04
Gaza,03,Bilene,04,Messano,05,0304-05
Gaza,03,Bilene,04,Praia do Bilene,06,0304-06
Gaza,03,Mandlakazi,05,Chibonzane,01,0305-01
Gaza,03,Mandlakazi,05,Chidenguele,02,0305-02
Gaza,03,Mandlakazi,05,Macuácua,03,0305-03
Gaza,03,Mandlakazi,05,Mandlakazi (Sede),04,0305-04
Gaza,03,Mandlakazi,05,Xhalala,05,0305-05
Gaza,03,Chibuto,06,Alto Changane,01,0306-01
Gaza,03,Chibuto,06,Chaimite,02,0306-02
Gaza,03,Chibuto,06,Changanine,03,0306-03
Gaza,03,Chibuto,06,Chibuto (Sede),04,0306-04
Gaza,03,Chibuto,06,Godide,05,0306-05
Gaza,03,Chibuto,06,Malehice,06,0306-06
Gaza,03,Chókwè,07,Chókwè (Sede),01,0307-01
Gaza,03,Chókwè,07,Lionde,02,0307-02
Gaza,03,Chókwè,07,Macarretane,03,0307-03
Gaza,03,Chókwè,07,Xilembene,04,0307-04
Gaza,03,Guijá,08,Caniçado (Sede),01,0308-01
Gaza,03,Guijá,08,Chivongoene,02,0308-02
Gaza,03,Guijá,08,Mubangoene,03,0308-03
Gaza,03,Guijá,08,Nalazi,04,0308-04
Gaza,03,Chigubo,09,Chigubo,01,0309-01
Gaza,03,Chigubo,09,Dindiza (Sede),02,0309-02
Gaza,03,Mabalane,10,Combomune,01,0310-01
Gaza,03,Mabalane,10,Mabalane (Sede),02,0310-02
Gaza,03,Mabalane,10,Ntlavene,03,0310-03
Gaza,03,Massingir,11,Massingir (Sede),01,0311-01
Gaza,03,Massingir,11,Mavodze,02,0311-02
Gaza,03,Massingir,11,Zulo,03,0311-03
Gaza,03,Mapai,12,Machaíla,01,0312-01
Gaza,03,Mapai,12,Mapai (Sede),02,0312-02
Gaza,03,Chicualacuala,13,Eduardo Mondlane (Sede),01,0313-01
Gaza,03,Chicualacuala,13,Pafuri,02,0313-02
Gaza,03,Massangena,14,Massangena (Sede),01,0314-01
Gaza,03,Massangena,14,Mavúe,02,0314-02
Inhambane,04,Zavala,01,Quissico (Sede),01,0401-01
Inhambane,04,Zavala,01,Zandamela,02,0401-02
Inhambane,04,Inharrime,02,Inharrime (Sede),01,0402-01
Inhambane,04,Inharrime,02,Mocumbi,02,0402-02
Inhambane,04,Jangamo,03,Cumbana,01,0403-01
Inhambane,04,Jangamo,03,Jangamo (Sede),02,0403-02
Inhambane,04,Inhambane,04,Balane 1,01,0404-01
Inhambane,04,Inhambane,04,Balane 2,02,0404-02
Inhambane,04,Inhambane,04,Balane 3,03,0404-03
Inhambane,04,Inhambane,04,Chamane,04,0404-04
Inhambane,04,Inhambane,04,Chambale 1,05,0404-05
Inhambane,04,Inhambane,04,Chambale 2,06,0404-06
Inhambane,04,Inhambane,04,Conguiana,07,0404-07
Inhambane,04,Inhambane,04,Guitamutuno,08,0404-08
Inhambane,04,Inhambane,04,Ilha Inhambane,09,0404-09
Inhambane,04,Inhambane,04,Josina Machel,10,0404-10
Inhambane,04,Inhambane,04,Liberdade 1,11,0404-11
Inhambane,04,Inhambane,04,Liberdade 2,12,0404-12
Inhambane,04,Inhambane,04,Liberdade 3,13,0404-13
Inhambane,04,Inhambane,04,Machavenga,14,0404-14
Inhambane,04,Inhambane,04,Malembuane,15,0404-15
Inhambane,04,Inhambane,04,Marrambone,16,0404-16
Inhambane,04,Inhambane,04,Mucucune,17,0404-17
Inhambane,04,Inhambane,04,Muelé 1,18,0404-18
Inhambane,04,Inhambane,04,Muelé 2,19,0404-19
Inhambane,04,Inhambane,04,Muelé 3,20,0404-20
Inhambane,04,Inhambane,04,Nhamua,21,0404-21
Inhambane,04,Inhambane,04,Salele,22,0404-22
Inhambane,04,Inhambane,04,Suiriva,23,0404-23
Inhambane,04,Maxixe,05,Bembe,01,0405-01
Inhambane,04,Maxixe,05,Chamboene A (Sede),02,0405-02
Inhambane,04,Maxixe,05,Chamboene B,03,0405-03
Inhambane,04,Maxixe,05,Dambo,04,0405-04
Inhambane,04,Maxixe,05,Eduardo Mondlane,05,0405-05
Inhambane,04,Maxixe,05,Mabil,06,0405-06
Inhambane,04,Maxixe,05,Macuamene,07,0405-07
Inhambane,04,Maxixe,05,Macupula,08,0405-08
Inhambane,04,Maxixe,05,Malalane,09,0405-09
Inhambane,04,Maxixe,05,Manhala,10,0405-10
Inhambane,04,Maxixe,05,Mawewe,11,0405-11
Inhambane,04,Maxixe,05,Nhabanda,12,0405-12
Inhambane,04,Maxixe,05,Nhaguiviga,13,0405-13
Inhambane,04,Maxixe,05,Nhambiu,14,0405-14
Inhambane,04,Maxixe,05,Nhangila,15,0405-15
Inhambane,04,Maxixe,05,Rumbana,16,0405-16
Inhambane,04,Maxixe,05,Tinga-Tinga,17,0405-17
Inhambane,04,Homoíne,06,Homoíne (Sede),01,0406-01
Inhambane,04,Homoíne,06,Pembe,02,0406-02
Inhambane,04,Panda,07,Mawayela,01,0407-01
Inhambane,04,Panda,07,Panda (Sede),02,0407-02
Inhambane,04,Panda,07,Urrene,03,0407-03
Inhambane,04,Morrumbene,08,Mocodoene,01,0408-01
Inhambane,04,Morrumbene,08,Morrumbene (Sede),02,0408-02
Inhambane,04,Massinga,09,Chicomo,01,0409-01
Inhambane,04,Massinga,09,Massinga (Sede),02,0409-02
Inhambane,04,Funhalouro,10,Funhalouro (Sede),01,0410-01
Inhambane,04,Funhalouro,10,Tome,02,0410-02
Inhambane,04,Vilankulo,11,Mapinhane,01,0411-01
Inhambane,04,Vilankulo,11,Vilankulo (Sede),02,0411-02
Inhambane,04,Mabote,12,Mabote (Sede),01,0412-01
Inhambane,04,Mabote,12,Zimane,02,0412-02
Inhambane,04,Mabote,12,Zinave,03,0412-03
Inhambane,04,Inhassoro,13,Bazaruto,01,0413-01
Inhambane,04,Inhassoro,13,Inhassoro (Sede),02,0413-02
Inhambane,04,Govuro,14,Mambone (Sede),01,0414-01
Inhambane,04,Govuro,14,Save,02,0414-02
Sofala,05,Machanga,01,Divinhe,01,0501-01
Sofala,05,Machanga,01,Machanga (Sede),02,0501-02
Sofala,05,Búzi,02,Búzi (Sede),01,0502-01
Sofala,05,Búzi,02,Estaquinha,02,0502-02
Sofala,05,Búzi,02,Sofa,03,0502-03
Sofala,05,Chibabava,03,Chibabava (Sede),01,0503-01
Sofala,05,Chibabava,03,Goonda,02,0503-02
Sofala,05,Chibabava,03,Muxúnguè,03,0503-03
Sofala,05,Beira,04,Chiveve (Sede),01,0504-01
Sofala,05,Beira,04,Manga Loforte,02,0504-02
Sofala,05,Beira,04,Munhava,03,0504-03
Sofala,05,Beira,04,Nhamízua,04,0504-04
Sofala,05,Beira,04,Nhangau,05,0504-05
Sofala,05,Dondo,05,Dondo (Sede),01,0505-01
Sofala,05,Dondo,05,Mafambisse,02,0505-02
Sofala,05,Nhamatanda,06,Nhamatanda (Sede),01,0506-01
Sofala,05,Nhamatanda,06,Tica,02,0506-02
Sofala,05,Muanza,07,Galinha,01,0507-01
Sofala,05,Muanza,07,Muanza (Sede),02,0507-02
Sofala,05,Gorongosa,08,Gorongosa (Sede),01,0508-01
Sofala,05,Gorongosa,08,Nhamadze,02,0508-02
Sofala,05,Gorongosa,08,Vunduzi,03,0508-03
Sofala,05,Marromeu,09,Chipanga,01,0509-01
Sofala,05,Marromeu,09,Marromeu (Sede),02,0509-02
Sofala,05,Cheringoma,10,Inhaminga (Sede),01,0510-01
Sofala,05,Cheringoma,10,Inhamitanga,02,0510-02
Sofala,05,Caia,11,Caia (Sede),01,0511-01
Sofala,05,Caia,11,Murraça,02,0511-02
Sofala,05,Caia,11,Sena,03,0511-03
Sofala,05,Marínguè,12,Canxixe,01,0512-01
Sofala,05,Marínguè,12,Marínguè (Sede),02,0512-02
Sofala,05,Marínguè,12,Súbwè,03,0512-03
Sofala,05,Chemba,13,Chemba (Sede),01,0513-01
Sofala,05,Chemba,13,Chiramba,02,0513-02
Sofala,05,Chemba,13,Mulima,03,0513-03
Manica,06,Machaze,01,Chitobe (Sede),01,0601-01
Manica,06,Machaze,01,Save,02,0601-02
Manica,06,Mossurize,02,Chiurairue,01,0602-01
Manica,06,Mossurize,02,Dacata,02,0602-02
Manica,06,Mossurize,02,Espungabera (Sede),03,0602-03
Manica,06,Sussundenga,03,Dombe,01,0603-01
Manica,06,Sussundenga,03,Muoha,02,0603-02
Manica,06,Sussundenga,03,Rotanda,03,0603-03
Manica,06,Sussundenga,03,Sussundenga (Sede),04,0603-04
Manica,06,Macate,04,Macate (Sede),01,0604-01
Manica,06,Macate,04,Zembe,02,0604-02
Manica,06,Gondola,05,Amatongas,01,0605-01
Manica,06,Gondola,05,Cafumpe,02,0605-02
Manica,06,Gondola,05,Gondola (Sede),03,0605-03
Manica,06,Gondola,05,Inchope,04,0605-04
Manica,06,Chimoio,06,Posto Adm. N.1 (Sede),01,0606-01
Manica,06,Chimoio,06,Posto Adm. N.2,02,0606-02
Manica,06,Chimoio,06,Posto Adm. N.2,03,0606-03
Manica,06,Vanduzi,07,Matsinho,01,0607-01
Manica,06,Vanduzi,07,Vanduzi (Sede),02,0607-02
Manica,06,Manica,08,Manica (Sede),01,0608-01
Manica,06,Manica,08,Machipanda,02,0608-02
Manica,06,Manica,08,Movonde,03,0608-03
Manica,06,Manica,08,Messica,04,0608-04
Manica,06,Macossa,09,Macossa (Sede),01,0609-01
Manica,06,Macossa,09,Nguawala,02,0609-02
Manica,06,Macossa,09,Nhamagua,03,0609-03
Manica,06,Báruè,10,Catandica (Sede),01,0610-01
Manica,06,Báruè,10,Choa,02,0610-02
Manica,06,Báruè,10,Nhampassa,03,0610-03
Manica,06,Tambara,11,Buzua,01,0611-01
Manica,06,Tambara,11,Nhacafula,02,0611-02
Manica,06,Tambara,11,Nhacolo (Sede),03,0611-03
Manica,06,Guro,12,Guro (Sede),01,0612-01
Manica,06,Guro,12,Mandie,02,0612-02
Manica,06,Guro,12,Mungari,03,0612-03
Manica,06,Guro,12,Nhamassonge,04,0612-04
Tete,07,Mutarara,01,Charre,01,0701-01
Tete,07,Mutarara,01,Inhangoma,02,0701-02
Tete,07,Mutarara,01,Nhamayabuè,03,0701-03
Tete,07,Dôa,02,Chueza,01,0702-01
Tete,07,Dôa,02,Dôa (Sede),02,0702-02
Tete,07,Changara,03,Chiôco,01,0703-01
Tete,07,Changara,03,Luenha (Sede),02,0703-02
Tete,07,Moatize,04,Kambulatsitsi,01,0704-01
Tete,07,Moatize,04,Moatize (Sede),02,0704-02
Tete,07,Moatize,04,Zóbuè,03,0704-03
Tete,07,Tete,05,Chingodzi,01,0705-01
Tete,07,Tete,05,Dégue,02,0705-02
Tete,07,Tete,05,Filipe Samuel Magaia,03,0705-03
Tete,07,Tete,05,Francisco Manyanga,04,0705-04
Tete,07,Tete,05,Josina Machel,05,0705-05
Tete,07,Tete,05,Mateus Sansão Muthemba,06,0705-06
Tete,07,Tete,05,Matuando,07,0705-07
Tete,07,Tete,05,Mpádué,08,0705-08
Tete,07,Tete,05,Samora Machel,09,0705-09
Tete,07,Marara,06,Marara (Sede),01,0706-01
Tete,07,Marara,06,Mufa-Boroma,02,0706-02
Tete,07,Cahora-Bassa,07,Chintholo,01,0707-01
Tete,07,Cahora-Bassa,07,Chitima (Sede),02,0707-02
Tete,07,Cahora-Bassa,07,Songo,03,0707-03
Tete,07,Mágoè,08,Chinthopo,01,0708-01
Tete,07,Mágoè,08,Mphende (Sede),02,0708-02
Tete,07,Mágoè,08,Mukumbura,03,0708-03
Tete,07,Tsangano,09,Ntengo-Wa-Mbalame,01,0709-01
Tete,07,Tsangano,09,Tsangano (Sede),02,0709-02
Tete,07,Chiúta,10,Kazula,01,0710-01
Tete,07,Chiúta,10,Manje (Sede),02,0710-02
Tete,07,Marávia,11,Chipera,01,0711-01
Tete,07,Marávia,11,Chiputo,02,0711-02
Tete,07,Marávia,11,Fíngoè (Sede),03,0711-03
Tete,07,Marávia,11,Malowera,04,0711-04
Tete,07,Zumbu,12,Muze,01,0712-01
Tete,07,Zumbu,12,Zâmbuè,02,0712-02
Tete,07,Zumbu,12,Zumbu (Sede),03,0712-03
Tete,07,Angónia,13,Dómuè,01,0713-01
Tete,07,Angónia,13,Ulónguè,02,0713-02
Tete,07,Macanga,14,Chidzolomondo,01,0714-01
Tete,07,Macanga,14,Furancungo (Sede),02,0714-02
Tete,07,Chifunde,15,Chifunde (Sede),01,0715-01
Tete,07,Chifunde,15,Mualadzi,02,0715-02
Tete,07,Chifunde,15,Nsadzu,03,0715-03
Zambézia,08,Chinde,01,Chinde (Sede),01,0801-01
Zambézia,08,Chinde,01,Micaúene,02,0801-02
Zambézia,08,Luabo,02,Chimbazo,01,0802-01
Zambézia,08,Luabo,02,Luabo (Sede),02,0802-02
Zambézia,08,Inhassunge,03,Gonhane,01,0803-01
Zambézia,08,Inhassunge,03,Inhassunge (Sede),02,0803-02
Zambézia,08,Quelimane,04,Posto Admn N. 1 (Sede),01,0804-01
Zambézia,08,Quelimane,04,Posto Admn N. 2,02,0804-02
Zambézia,08,Quelimane,04,Posto Admn N. 3,03,0804-03
Zambézia,08,Quelimane,04,Posto Admn N. 4,04,0804-04
Zambézia,08,Quelimane,04,Posto Admn N. 5,05,0804-05
Zambézia,08,Quelimane,04,Maquival,06,0804-06
Zambézia,08,Mopeia,05,Campo,01,0805-01
Zambézia,08,Mopeia,05,Mopeia (Sede),02,0805-02
Zambézia,08,Namacurra,06,Macuse,01,0806-01
Zambézia,08,Namacurra,06,Namacurra (Sede),02,0806-02
Zambézia,08,Nicoadala,07,Nicoadala (Sede),01,0807-01
Zambézia,08,Maganja da Costa,08,Baixo Licungo,01,0808-01
Zambézia,08,Maganja da Costa,08,Maganja (Sede),02,0808-02
Zambézia,08,Mocubela,09,Bajone,01,0809-01
Zambézia,08,Mocubela,09,Mocubela (Sede),02,0809-02
Zambézia,08,Mocuba,10,Mocuba (Sede),01,0810-01
Zambézia,08,Mocuba,10,Mugeba,02,0810-02
Zambézia,08,Mocuba,10,Namanjavira,03,0810-03
Zambézia,08,Derre,11,Derre (Sede),01,0811-01
Zambézia,08,Derre,11,Guerissa,02,0811-02
Zambézia,08,Morrumbala,12,Chire,01,0812-01
Zambézia,08,Morrumbala,12,Megaza,02,0812-02
Zambézia,08,Morrumbala,12,Morrumbala (Sede),03,0812-03
Zambézia,08,Pebane,13,Mulela,01,0813-01
Zambézia,08,Pebane,13,Nabúri,02,0813-02
Zambézia,08,Pebane,13,Pebane (Sede),03,0813-03
Zambézia,08,Mulevala,14,Chiraco,01,0814-01
Zambézia,08,Mulevala,14,Mulevala (Sede),02,0814-02
Zambézia,08,Lugela,15,Lugela (Sede),01,0815-01
Zambézia,08,Lugela,15,Muabanama,02,0815-02
Zambézia,08,Lugela,15,Munhamade,03,0815-03
Zambézia,08,Lugela,15,Tacuane,04,0815-04
Zambézia,08,Milange,16,Majaua,01,0816-01
Zambézia,08,Milange,16,Milange (Sede),02,0816-02
Zambézia,08,Milange,16,Mongue,03,0816-03
Zambézia,08,Gilé,17,Alto Ligonha,01,0817-01
Zambézia,08,Gilé,17,Gilé (Sede),02,0817-02
Zambézia,08,Alto Mulócuè,18,Molócuè (Sede),01,0818-01
Zambézia,08,Alto Mulócuè,18,Nauela,02,0818-02
Zambézia,08,Ile,19,Ile (Sede),01,0819-01
Zambézia,08,Ile,19,Namigonha,02,0819-02
Zambézia,08,Ile,19,Socone,03,0819-03
Zambézia,08,Namarrói,20,Namarrói (Sede),01,0820-01
Zambézia,08,Namarrói,20,Regone,02,0820-02
Zambézia,08,Molumbo,21,Corromana,01,0821-01
Zambézia,08,Molumbo,21,Molumbo (Sede),02,0821-02
Zambézia,08,Guruè,22,Guruè (Sede),01,0822-01
Zambézia,08,Guruè,22,Lioma,02,0822-02
Zambézia,08,Guruè,22,Mepuagiua,03,0822-03
Nampula,09,Moma,01,Chaluaua,01,0901-01
Nampula,09,Moma,01,Moma (Sede),02,0901-02
Nampula,09,Larde,02,Larde (Sede),01,0902-01
Nampula,09,Larde,02,Mucuali,02,0902-02
Nampula,09,Angoche,03,Angoche (Sede),01,0903-01
Nampula,09,Angoche,03,Aúbe,02,0903-02
Nampula,09,Angoche,03,Boila,03,0903-03
Nampula,09,Angoche,03,Namaponda,04,0903-04
Nampula,09,Mogovolas,04,Calipo,01,0904-01
Nampula,09,Mogovolas,04,Iulúti,02,0904-02
Nampula,09,Mogovolas,04,Muatua,03,0904-03
Nampula,09,Mogovolas,04,Nametil (Sede),04,0904-04
Nampula,09,Mogovolas,04,Nanhupo-Rio,05,0904-05
Nampula,09,Murrupula,05,Chinga,01,0905-01
Nampula,09,Murrupula,05,Murrupula (Sede),02,0905-02
Nampula,09,Murrupula,05,Nihessiue,03,0905-03
Nampula,09,Liúpo,06,Liúpo (Sede),01,0906-01
Nampula,09,Liúpo,06,Quinga,02,0906-02
Nampula,09,Mogincual,07,Namige (Sede),01,0907-01
Nampula,09,Mogincual,07,Quixaxe,02,0907-02
Nampula,09,Meconta,08,7 de Abril,01,0908-01
Nampula,09,Meconta,08,Corrne,02,0908-02
Nampula,09,Meconta,08,Meconta (Sede),03,0908-03
Nampula,09,Meconta,08,Namialo,04,0908-04
Nampula,09,Nampula,09,Anchilo,01,0909-01
Nampula,09,Nampula,09,Central (Sede),02,0909-02
Nampula,09,Nampula,09,Muatala,03,0909-03
Nampula,09,Nampula,09,Namicopo,04,0909-04
Nampula,09,Nampula,09,Napipine,05,0909-05
Nampula,09,Nampula,09,Natikire,06,0909-06
Nampula,09,Rapele,10,Mutivasse,01,0910-01
Nampula,09,Rapele,10,Namaita,02,0910-02
Nampula,09,Rapele,10,Rapale (Sede),03,0910-03
Nampula,09,Ribáuè,11,Cunle,01,0911-01
Nampula,09,Ribáuè,11,Iapala,02,0911-02
Nampula,09,Ribáuè,11,Ribáuè (Sede),03,0911-03
Nampula,09,Malema,12,Canhunha,01,0912-01
Nampula,09,Malema,12,Chihuho,02,0912-02
Nampula,09,Malema,12,Malema (Sede),03,0912-03
Nampula,09,Malema,12,Mutuáli,04,0912-04
Nampula,09,Ilha de Moçambique,13,Ilha de Moçambique (Sede),01,0913-01
Nampula,09,Ilha de Moçambique,13,Lumbo,02,0913-02
Nampula,09,Mossuril,14,Lunga,01,0914-01
Nampula,09,Mossuril,14,Matibane,02,0914-02
Nampula,09,Mossuril,14,Mossuril (Sede),03,0914-03
Nampula,09,Monapo,15,Itoculo,01,0915-01
Nampula,09,Monapo,15,Monapo (Sede),02,0915-02
Nampula,09,Monapo,15,Netia,03,0915-03
Nampula,09,Muecate,16,Imala,01,0916-01
Nampula,09,Muecate,16,Muculuone,02,0916-02
Nampula,09,Muecate,16,Muecate (Sede),03,0916-03
Nampula,09,Mecubúri,17,Mecubúri (Sede),01,0917-01
Nampula,09,Mecubúri,17,Milhana,02,0917-02
Nampula,09,Mecubúri,17,Muíte,03,0917-03
Nampula,09,Mecubúri,17,Namina,04,0917-04
Nampula,09,Lalaua,18,Lalaua (Sede),01,0918-01
Nampula,09,Lalaua,18,Méti,02,0918-02
Nampula,09,Nacala,19,Muanona,01,0919-01
Nampula,09,Nacala,19,Mutiva (Sede),02,0919-02
Nampula,09,Nacava-a-Velha,20,Covó,01,0920-01
Nampula,09,Nacava-a-Velha,20,Nacala-a-Velha (Sede),02,0920-02
Nampula,09,Nacarôa,21,Inteta,01,0921-01
Nampula,09,Nacarôa,21,Nacarôa (Sede),02,0921-02
Nampula,09,Nacarôa,21,Saua-Saua,03,0921-03
Nampula,09,Memba,22,Chipene,01,0922-01
Nampula,09,Memba,22,Lúrio,02,0922-02
Nampula,09,Memba,22,Mazua,03,0922-03
Nampula,09,Memba,22,Memba (Sede),04,0922-04
Nampula,09,Eráti,23,Alaua,01,0923-01
Nampula,09,Eráti,23,Namapa (Sede),02,0923-02
Nampula,09,Eráti,23,Namirôa,03,0923-03
Cabo Delgado,10,Mecufi,01,Mecufi (Sede),01,1001-01
Cabo Delgado,10,Mecufi,01,Marrébuè,02,1001-02
Cabo Delgado,10,Chiúre,02,Chiúre (Sede),01,1002-01
Cabo Delgado,10,Chiúre,02,Chiúre - Velho,02,1002-02
Cabo Delgado,10,Chiúre,02,Katapua,03,1002-03
Cabo Delgado,10,Chiúre,02,Mazeze,04,1002-04
Cabo Delgado,10,Chiúre,02,Namogelia,05,1002-05
Cabo Delgado,10,Chiúre,02,Ocua,06,1002-06
Cabo Delgado,10,Namuno,03,Hucula,01,1003-01
Cabo Delgado,10,Namuno,03,Manhoca,02,1003-02
Cabo Delgado,10,Namuno,03,Meloco,03,1003-03
Cabo Delgado,10,Namuno,03,Namuno (Sede),04,1003-04
Cabo Delgado,10,Namuno,03,N'Cumpe,05,1003-05
Cabo Delgado,10,Namuno,03,Papai,06,1003-06
Cabo Delgado,10,Balama,04,Balama (Sede),01,1004-01
Cabo Delgado,10,Balama,04,Impiri,02,1004-02
Cabo Delgado,10,Balama,04,Kuékuè,03,1004-03
Cabo Delgado,10,Balama,04,Mavale,04,1004-04
Cabo Delgado,10,Pemba,05,Alto Gingone,01,1005-01
Cabo Delgado,10,Pemba,05,Cariacó,02,1005-02
Cabo Delgado,10,Pemba,05,Cimento (Sede),03,1005-03
Cabo Delgado,10,Pemba,05,Chuiba,04,1005-04
Cabo Delgado,10,Pemba,05,Eduardo Mondlane,05,1005-05
Cabo Delgado,10,Pemba,05,Ingonane,06,1005-06
Cabo Delgado,10,Pemba,05,Marringanha,07,1005-07
Cabo Delgado,10,Pemba,05,Muxara,08,1005-08
Cabo Delgado,10,Pemba,05,Natite,09,1005-09
Cabo Delgado,10,Pemba,05,Paquitequete,10,1005-10
Cabo Delgado,10,Metuge,06,Metuge (Sede),01,1006-01
Cabo Delgado,10,Metuge,06,Mieze,02,1006-02
Cabo Delgado,10,Ancuabe,07,Ancuabe (Sede),01,1007-01
Cabo Delgado,10,Ancuabe,07,Metoro,02,1007-02
Cabo Delgado,10,Ancuabe,07,Mesa,03,1007-03
Cabo Delgado,10,Quissanga,08,Bilibiza,01,1008-01
Cabo Delgado,10,Quissanga,08,Mahate,02,1008-02
Cabo Delgado,10,Quissanga,08,Quissanga (Sede),03,1008-03
Cabo Delgado,10,Ibo,09,Ibo (Sede),01,1009-01
Cabo Delgado,10,Ibo,09,Quirimba,02,1009-02
Cabo Delgado,10,Meluco,10,Meluco (Sede),01,1010-01
Cabo Delgado,10,Meluco,10,Muaguide,02,1010-02
Cabo Delgado,10,Montepuez,11,Mapupulo,01,1011-01
Cabo Delgado,10,Montepuez,11,Mirate,02,1011-02
Cabo Delgado,10,Montepuez,11,Montepuez (Sede),03,1011-03
Cabo Delgado,10,Montepuez,11,Nairoto,04,1011-04
Cabo Delgado,10,Montepuez,11,Namanhumbir,05,1011-05
Cabo Delgado,10,Macomoia,12,Chai,01,1012-01
Cabo Delgado,10,Macomoia,12,Macomia (Sede),02,1012-02
Cabo Delgado,10,Macomoia,12,Mucojo,03,1012-03
Cabo Delgado,10,Macomoia,12,Quiterajo,04,1012-04
Cabo Delgado,10,Mauidumbe,13,Chitunda,01,1013-01
Cabo Delgado,10,Mauidumbe,13,Miteda,02,1013-02
Cabo Delgado,10,Mauidumbe,13,Muidumbe (Sede),03,1013-03
Cabo Delgado,10,Mocímboa da Praia,14,Diaca,01,1014-01
Cabo Delgado,10,Mocímboa da Praia,14,Mbau,02,1014-02
Cabo Delgado,10,Mocímboa da Praia,14,Mocímboa da Praia (Sede),03,1014-03
Cabo Delgado,10,Mueda,15,Chapa,01,1015-01
Cabo Delgado,10,Mueda,15,Imbuo,02,1015-02
Cabo Delgado,10,Mueda,15,Mueda (Sede),03,1015-03
Cabo Delgado,10,Mueda,15,Negomano,04,1015-04
Cabo Delgado,10,Mueda,15,N'gapa,05,1015-05
Cabo Delgado,10,Palma,16,Olumbi,01,1016-01
Cabo Delgado,10,Palma,16,Palma (Sede),02,1016-02
Cabo Delgado,10,Palma,16,Pundanhar,03,1016-03
Cabo Delgado,10,Palma,16,Quionga,04,1016-04
Cabo Delgado,10,Nangade,17,Nangade (Sede),01,1017-01
Cabo Delgado,10,Nangade,17,M'tamba,02,1017-02
Niassa,11,Cuamba,01,Cuamba (Sede),01,1101-01
Niassa,11,Cuamba,01,Etatara,02,1101-02
Niassa,11,Cuamba,01,Lúrio,03,1101-03
Niassa,11,Mecanhelas,02,Chiúta,01,1102-01
Niassa,11,Mecanhelas,02,Insaca (Sede),02,1102-02
Niassa,11,Metarica,03,Metarica (Sede),01,1103-01
Niassa,11,Metarica,03,Nacumua,02,1103-02
Niassa,11,Mandimba,04,Mandimba (Sede),01,1104-01
Niassa,11,Mandimba,04,Mitande,02,1104-02
Niassa,11,Nipepe,05,Muipite,01,1105-01
Niassa,11,Nipepe,05,Nipepe (Sede),02,1105-02
Niassa,11,Maúa,06,Maiaca,01,1106-01
Niassa,11,Maúa,06,Maúa (Sede),02,1106-02
Niassa,11,Marrupa,07,Marangira,01,1107-01
Niassa,11,Marrupa,07,Marrupa (Sede),02,1107-02
Niassa,11,Marrupa,07,Nungo,03,1107-03
Niassa,11,Majune,08,Malanga (Sede),01,1108-01
Niassa,11,Majune,08,Muaquia,02,1108-02
Niassa,11,Majune,08,Nairubi,03,1108-03
Niassa,11,Ngaúma,09,Itepela,01,1109-01
Niassa,11,Ngaúma,09,Massangulo (Sede),02,1109-02
Niassa,11,Chimbunila,10,Chimbunila (Sede),01,1110-01
Niassa,11,Chimbunila,10,Lione,02,1110-02
Niassa,11,Lichinga,11,Lichinga (Sede),01,1111-01
Niassa,11,Lichinga,11,Meponda,02,1111-02
Niassa,11,Mecula,12,Matondovela,01,1112-01
Niassa,11,Mecula,12,Mecula (Sede),02,1112-02
Niassa,11,Mavago,13,Mavago (Sede),01,1113-01
Niassa,11,Mavago,13,M'Sawize,02,1113-02
Niassa,11,Muembe,14,Chiconono,01,1114-01
Niassa,11,Muembe,14,Muembe (Sede),02,1114-02
Niassa,11,Sanga,15,Lussimbesse,01,1115-01
Niassa,11,Sanga,15,Macaloge,02,1115-02
Niassa,11,Sanga,15,Matchedje,03,1115-03
Niassa,11,Sanga,15,Unango (Sede),04,1115-04
Niassa,11,Lago,16,Cóbuè,01,1116-01
Niassa,11,Lago,16,Lunho,02,1116-02
Niassa,11,Lago,16,Maniamba,03,1116-03
Niassa,11,Lago,16,Metangula (Sede),04,1116-04